model,final_log_likelihood
0.000000,nan
1.000000,4628.460938
